{
  "train_loss": [
    0.9643739778420021,
    0.8332756095919116,
    0.774297454028294,
    0.7187119035885252,
    0.6916363198181679,
    0.6715579818034995,
    0.6655348284491177,
    0.6451716223667407,
    0.626488873670841,
    0.6211938728546275,
    0.6075888167167532,
    0.5868035417178582,
    0.5782532469979648,
    0.5701224637442621,
    0.5521952655808678,
    0.5647818937383849,
    0.5501245410277926,
    0.5431345131890527,
    0.5270915904949451,
    0.5348763751572576,
    0.5201169400379575,
    0.5199370729512182,
    0.5151835694395263,
    0.5072555825628083,
    0.5033240840352815,
    0.49182160969438227,
    0.4939679040991027,
    0.4898859846180883,
    0.4887806547099146,
    0.48503683826019023,
    0.4891924461414074,
    0.4845107413571456,
    0.4754134584089805,
    0.4732259524279627,
    0.4733923671574428,
    0.47375417721682583,
    0.46669180105472435,
    0.4639522349012309,
    0.46261336001856573,
    0.47103220080507213,
    0.4597533144827547,
    0.4677223415210329,
    0.46016004414393985,
    0.46142302032174737,
    0.457817988149051,
    0.45941575005136687,
    0.4511973851713641,
    0.4623148447480695,
    0.45325677292100314,
    0.45536455697026745
  ],
  "val_loss": [
    0.897310500209396,
    0.8980608002559559,
    0.8457639185157982,
    0.8374692008302018,
    0.8603798618187776,
    0.8553691731916891,
    0.8532857395507194,
    0.8812138712083971,
    0.8758166126302771,
    0.8745876582893165,
    0.8954978375821501,
    0.8881342314385079,
    0.8938840386029836,
    0.8770605422355033,
    0.8912247628779024,
    0.8946256283167247,
    0.9247866353473148,
    0.8875668693233181,
    0.8938718132070593,
    0.8829892809326584,
    0.9101030923224784,
    0.875809986849089,
    0.9160936635893744,
    0.8857809546831492,
    0.8926579823365083,
    0.9260821857967892,
    0.9128958856737291,
    0.915765059960855,
    0.9175745297122646,
    0.9225030815279162,
    0.915015650762094,
    0.9185271327560013,
    0.9129844340118202,
    0.9159466382619497,
    0.9126064439077635,
    0.9143563718409151,
    0.9173240709949184,
    0.9243146777153015,
    0.9184464167904209,
    0.9193726761921032,
    0.9146012679950611,
    0.9169473116462296,
    0.9225809155283747,
    0.9177125482945829,
    0.9166910922205126,
    0.9213440708211951,
    0.9198094799711898,
    0.9219327585117237,
    0.919812033305297,
    0.9198856740384489
  ],
  "train_dice": [
    0.5788824958389691,
    0.6323629009752462,
    0.661919648705178,
    0.6981672217013967,
    0.7098329238118424,
    0.7165827143545772,
    0.7237360656809013,
    0.736230307591528,
    0.739675633932235,
    0.7485152168526414,
    0.7704807197488956,
    0.7845845975584053,
    0.7828493266921068,
    0.7866442567023769,
    0.8097297825152345,
    0.8036281250175877,
    0.8199489416371414,
    0.818758281105696,
    0.8305409787934283,
    0.8316020705093419,
    0.8522305540122936,
    0.8388926538186814,
    0.8379941411250231,
    0.8572681792640631,
    0.8603064990503917,
    0.8650920673737784,
    0.8700271685412408,
    0.8724921530104824,
    0.8765603782231015,
    0.8764298768083859,
    0.8711246459544392,
    0.8784125849761512,
    0.8823775219462997,
    0.8861471423623153,
    0.8948353964057945,
    0.8917932840961063,
    0.8977341304757893,
    0.9012730007647068,
    0.8986072531541932,
    0.8930348862870539,
    0.9086317010731421,
    0.9058768877968726,
    0.9069332896677501,
    0.9021840522173643,
    0.9118328698301014,
    0.9067845841193444,
    0.9031120776717918,
    0.9094812203509064,
    0.9149171092410936,
    0.9127344469081675
  ],
  "val_dice": [
    0.6650152523272954,
    0.6858505559012162,
    0.6979837894138681,
    0.6932018079993412,
    0.7065476292276447,
    0.6925180242096705,
    0.6886888408522969,
    0.6797930885870205,
    0.6940784839870676,
    0.6826028875646526,
    0.678741728653098,
    0.6657310297212772,
    0.6806587992408881,
    0.6991503065093505,
    0.6716569187625018,
    0.6760665998149106,
    0.6767344801409425,
    0.6886389155218237,
    0.6901119184435478,
    0.6928777151995512,
    0.6779595313831547,
    0.6667882230804775,
    0.6718611237697969,
    0.6907849040528874,
    0.6826210833668412,
    0.6936114691006456,
    0.6940294367809141,
    0.6977325166165674,
    0.7047686196146924,
    0.6944777760758403,
    0.7079339570197862,
    0.6927017596275803,
    0.7003420328806615,
    0.702841992350064,
    0.7004584008147151,
    0.6938993580356546,
    0.7014870663646201,
    0.6986957645252811,
    0.699928450754405,
    0.6950956829494415,
    0.692724674959344,
    0.70242451277211,
    0.704811727318545,
    0.7059679341027136,
    0.7016420996293762,
    0.7034881570132953,
    0.7045159389611169,
    0.7008032580723331,
    0.6999319113510608,
    0.6974590213217648
  ]
}