{
  "train_loss": [
    2.2330267543662083,
    1.4949881981496942,
    1.3595432255366078,
    1.2761438464465207,
    1.2043807849492112,
    1.1524975283505166,
    1.1168190804246354,
    1.0819305287648553,
    1.0532583186071214,
    1.0284992138000384,
    1.0168035503936141,
    1.0044918084797794,
    0.9870280533620756,
    0.9764552785925669,
    0.9561559353789238,
    0.9550977528911747,
    0.9496187633031035,
    0.937184212142474,
    0.9388904742998619,
    0.929525514171548,
    0.9341438216705845,
    0.9177480829905157,
    0.9134416678180434,
    0.9106726140192111,
    0.9122192590204004,
    0.9052064443287784,
    0.8971340435824983,
    0.9017978228934823,
    0.8931235352607623,
    0.8819017344958162,
    0.885133391373778,
    0.8847833185979764,
    0.8837910661958668,
    0.8778924003039321,
    0.8734470565025121,
    0.8740234015739128,
    0.869554629064586,
    0.8680855280732456,
    0.869541245780579,
    0.8703608153617546,
    0.8669199290340894,
    0.8657399138359174,
    0.8660474084827998,
    0.8641950945331626,
    0.859448300649042,
    0.8547796884628192,
    0.8538412753849813,
    0.8530935294007602,
    0.8546787582031669,
    0.8561063735452417,
    0.8504041866080402,
    0.8541153122300971,
    0.8507161483372727,
    0.8476216760400224,
    0.8486320270250921,
    0.8432896267877866,
    0.8445425645945823
  ],
  "val_loss": [
    1.6359465749640214,
    1.4492130467766209,
    1.3885775867261385,
    1.3273257581811202,
    1.3130584516023334,
    1.3011627699199475,
    1.3125977390690853,
    1.28780492355949,
    1.2724483766053851,
    1.2744836054350202,
    1.2757622819197805,
    1.261116812103673,
    1.2639203761753284,
    1.2829966670588444,
    1.251123729505037,
    1.2600460428940623,
    1.2537607393766705,
    1.2580305275164152,
    1.26267199139846,
    1.2587124234751652,
    1.2621685141011287,
    1.2427884904961837,
    1.2482036916833175,
    1.250895004523428,
    1.254022899426912,
    1.263628153424514,
    1.2596158573501988,
    1.280868040887933,
    1.2441458576603939,
    1.2565548106243736,
    1.2524150672711825,
    1.250732377955788,
    1.2664651807985807,
    1.264736112795378,
    1.2615182242895429,
    1.2575891864927191,
    1.2516549449217946,
    1.2645909503886574,
    1.256487626778452,
    1.2639689978800321,
    1.2615214899966591,
    1.2891357760680349,
    1.2606593558662815,
    1.2596318188466524,
    1.2614377862528752,
    1.2504490990387767,
    1.2614621739638479,
    1.2541826147782176,
    1.2630446114038165,
    1.2614094332644814,
    1.2626693876166093,
    1.2590947464892739,
    1.277945615743336,
    1.2759393579081486,
    1.264765817868082,
    1.2599982807510777,
    1.270299001743919
  ],
  "train_dice": [
    0.61850673577761,
    0.7717216402700503,
    0.8056211675683113,
    0.8294992226443879,
    0.8488264700321302,
    0.8614265314520222,
    0.8717008747466622,
    0.8792355726026508,
    0.8875366277890663,
    0.8910931410038307,
    0.8953647491050093,
    0.8998262457651635,
    0.9040952431012507,
    0.906773471260724,
    0.9123352296548347,
    0.9114645948148754,
    0.9115767315642475,
    0.9154183497167614,
    0.9136328582894312,
    0.9173658714719015,
    0.9143799290265122,
    0.9206778586727299,
    0.9222088292853473,
    0.9211288212913357,
    0.9220023204202521,
    0.9231065805644205,
    0.9258479202446872,
    0.9233589184610811,
    0.9260295511108555,
    0.9303445599667014,
    0.9289050396174601,
    0.9295331672446369,
    0.9294648386844216,
    0.9308415177750261,
    0.9320673497572337,
    0.9314357593451461,
    0.932734925861228,
    0.933532810374482,
    0.9329212605953217,
    0.9321561565954392,
    0.933137106160595,
    0.9339384024273859,
    0.9339856052235381,
    0.934631052490783,
    0.9361541891751224,
    0.9369524921456428,
    0.9371950977469143,
    0.9372865349462588,
    0.9372438412823089,
    0.9359579739505297,
    0.9388823660269175,
    0.9373217245487317,
    0.9382426869379331,
    0.9389586371101745,
    0.938723087719042,
    0.940444384943949,
    0.9404141723293148
  ],
  "val_dice": [
    0.7630990586782757,
    0.8008495569229126,
    0.7948249892184609,
    0.8155429692644822,
    0.8209748017160516,
    0.8291479772643039,
    0.8111364966944644,
    0.8215147790155912,
    0.8212666338995883,
    0.8312912426496807,
    0.8237481462328058,
    0.8328589153917212,
    0.8289458014463124,
    0.8200039298910844,
    0.8332405984401703,
    0.8285615067732962,
    0.8364905416965485,
    0.8332320828186838,
    0.8307640881914842,
    0.8254436866233223,
    0.8318049939055192,
    0.8212045635047712,
    0.8314280149183775,
    0.8308752132089514,
    0.8303761999858054,
    0.825481127751501,
    0.8285020778053686,
    0.815863626567941,
    0.8328693603214464,
    0.8228767184834731,
    0.8363036042765567,
    0.8435943550185153,
    0.8273437227073469,
    0.8294269599412617,
    0.8205162082847796,
    0.8217826579746447,
    0.8228218006460291,
    0.8298137878116808,
    0.8284950617112612,
    0.8179480088384528,
    0.8265280613773748,
    0.816510238145527,
    0.8281682321899816,
    0.8271198398188541,
    0.8272306558332945,
    0.8280831716562572,
    0.8255258626059482,
    0.8343152654798407,
    0.8262324317505485,
    0.8230178309114355,
    0.830193535277718,
    0.8268964996463374,
    0.8210486440282119,
    0.8271524231684836,
    0.8211593910267478,
    0.8262410759925842,
    0.8273957465824328
  ]
}